"borough","building_type","Count","labels"
"BRONX","quantity_family_res",30,"Residential Family Home"
"BRONX","quantity_multi_dwelling",65,"Multi-Dwelling Residences"
"BRONX","quantity_non_res",30,"Non-Residential Buildings"
"BROOKLYN","quantity_family_res",122,"Residential Family Home"
"BROOKLYN","quantity_multi_dwelling",242,"Multi-Dwelling Residences"
"BROOKLYN","quantity_non_res",77,"Non-Residential Buildings"
"MANHATTAN","quantity_family_res",11,"Residential Family Home"
"MANHATTAN","quantity_multi_dwelling",57,"Multi-Dwelling Residences"
"MANHATTAN","quantity_non_res",55,"Non-Residential Buildings"
"QUEENS","quantity_family_res",201,"Residential Family Home"
"QUEENS","quantity_multi_dwelling",87,"Multi-Dwelling Residences"
"QUEENS","quantity_non_res",99,"Non-Residential Buildings"
"STATEN ISLAND","quantity_family_res",93,"Residential Family Home"
"STATEN ISLAND","quantity_multi_dwelling",3,"Multi-Dwelling Residences"
"STATEN ISLAND","quantity_non_res",23,"Non-Residential Buildings"
