"year","permit_type_label","permits_issued"
2013,"Family Residential",56
2013,"Multi-Dwelling Residential",14
2013,"Non-Residential",31
2014,"Family Residential",49
2014,"Multi-Dwelling Residential",36
2014,"Non-Residential",19
2015,"Family Residential",57
2015,"Multi-Dwelling Residential",81
2015,"Non-Residential",33
2016,"Family Residential",74
2016,"Multi-Dwelling Residential",75
2016,"Non-Residential",35
2017,"Family Residential",71
2017,"Multi-Dwelling Residential",79
2017,"Non-Residential",54
2018,"Family Residential",68
2018,"Multi-Dwelling Residential",74
2018,"Non-Residential",44
2019,"Family Residential",66
2019,"Multi-Dwelling Residential",74
2019,"Non-Residential",48
2020,"Family Residential",16
2020,"Multi-Dwelling Residential",21
2020,"Non-Residential",20
